model,centroid_x,centroid_y,total_analyses,magnitude
claude-3-5-haiku-20241022,1.669972907928209e-17,0.6363636363636362,1,0.6363636363636362
gpt-3.5-turbo,0.0,0.0,0,0.0
