{"scores": {"Care": 0.9, "Fairness": 0.8, "Loyalty": 0.4, "Authority": 0.6, "Sanctity": 0.3, "Liberty": 0.7}, "centroid": [0.4502771361579564, 0.4700622931192774]}