{"scores": {"Care": 0.9, "Fairness": 0.3, "Loyalty": 0.8, "Authority": 0.6, "Sanctity": 0.7, "Liberty": 0.5}, "centroid": [0.3655869696161385, 0.5138494589902323]}