{"scores": {"Care": 0.6, "Fairness": 0.9, "Loyalty": 0.4, "Authority": 0.8, "Sanctity": 0.7, "Liberty": 0.5}, "centroid": [0.5357001242413658, 0.4681623140819922]}