{"scores": {"Care": 0.7, "Fairness": 0.6, "Loyalty": 0.9, "Authority": 0.8, "Sanctity": 0.5, "Liberty": 0.4}, "centroid": [0.36651868292461415, 0.5253943860709379]}