{"scores": {"Care": 0.3, "Fairness": 0.5, "Loyalty": 0.4, "Authority": 0.7, "Sanctity": 0.2, "Liberty": 0.6}, "centroid": [0.5343778974176113, 0.32571217163184984]}