{"scores": {"Care": 0.7, "Fairness": 0.8, "Loyalty": 0.5, "Authority": 0.6, "Sanctity": 0.4, "Liberty": 0.9}, "centroid": [0.4809828269025052, 0.4040597499794282]}