{
  "analysis_type": "single_rater_descriptive",
  "metadata": {
    "model_count": 1,
    "well_count": 12,
    "sample_size": 8,
    "analysis_timestamp": "2025-06-24T21:22:45.404116"
  },
  "descriptive_statistics": {
    "well_care": {
      "count": 8,
      "mean": 0.8375,
      "std": 0.044320263021395905,
      "min": 0.8,
      "max": 0.9,
      "range": 0.09999999999999998,
      "cv": 5.291971704047272
    },
    "well_harm": {
      "count": 8,
      "mean": 0.16249999999999998,
      "std": 0.044320263021395905,
      "min": 0.09999999999999998,
      "max": 0.19999999999999996,
      "range": 0.09999999999999998,
      "cv": 27.27400801316671
    },
    "well_fairness": {
      "count": 8,
      "mean": 0.7875,
      "std": 0.09543135154205279,
      "min": 0.7,
      "max": 0.9,
      "range": 0.20000000000000007,
      "cv": 12.118266862482894
    },
    "well_cheating": {
      "count": 8,
      "mean": 0.21250000000000002,
      "std": 0.09543135154205279,
      "min": 0.09999999999999998,
      "max": 0.30000000000000004,
      "range": 0.20000000000000007,
      "cv": 44.90887131390719
    },
    "well_loyalty": {
      "count": 8,
      "mean": 0.6499999999999999,
      "std": 0.053452248382484864,
      "min": 0.6,
      "max": 0.7,
      "range": 0.09999999999999998,
      "cv": 8.223422828074597
    },
    "well_betrayal": {
      "count": 8,
      "mean": 0.35000000000000003,
      "std": 0.053452248382484864,
      "min": 0.30000000000000004,
      "max": 0.4,
      "range": 0.09999999999999998,
      "cv": 15.272070966424245
    },
    "well_authority": {
      "count": 8,
      "mean": 0.58125,
      "std": 0.08425090080061035,
      "min": 0.5,
      "max": 0.75,
      "range": 0.25,
      "cv": 14.49477863236307
    },
    "well_subversion": {
      "count": 8,
      "mean": 0.41875,
      "std": 0.08425090080061035,
      "min": 0.25,
      "max": 0.5,
      "range": 0.25,
      "cv": 20.119618101638288
    },
    "well_sanctity": {
      "count": 8,
      "mean": 0.4375,
      "std": 0.09161253813129043,
      "min": 0.3,
      "max": 0.5,
      "range": 0.2,
      "cv": 20.940008715723526
    },
    "well_degradation": {
      "count": 8,
      "mean": 0.5625,
      "std": 0.09161253813129042,
      "min": 0.5,
      "max": 0.7,
      "range": 0.19999999999999996,
      "cv": 16.28667344556274
    },
    "well_liberty": {
      "count": 8,
      "mean": 0.675,
      "std": 0.27645717829090893,
      "min": 0.3,
      "max": 0.95,
      "range": 0.6499999999999999,
      "cv": 40.95661900606058
    },
    "well_oppression": {
      "count": 8,
      "mean": 0.32499999999999996,
      "std": 0.27645717829090893,
      "min": 0.050000000000000044,
      "max": 0.7,
      "range": 0.6499999999999999,
      "cv": 85.06374716643353
    }
  },
  "internal_consistency": {
    "split_half_correlation": -1.0,
    "split_half_p_value": 0.0,
    "spearman_brown_coefficient": -Infinity
  },
  "message": "Single rater detected - full reliability analysis requires multiple raters"
}