{"scores": {"Care": 0.9, "Fairness": 0.8, "Loyalty": 0.7, "Authority": 0.6, "Sanctity": 0.5, "Liberty": 0.9}, "centroid": [0.42328081029504866, 0.4543268421992404]}