{"scores": {"Care": 0.9, "Fairness": 0.9, "Loyalty": 0.6, "Authority": 0.5, "Sanctity": 0.4, "Liberty": 0.8}, "centroid": [0.41200743525398215, 0.48757026967723377]}