{"scores": {"Care": 0.9, "Fairness": 0.9, "Loyalty": 0.7, "Authority": 0.4, "Sanctity": 0.5, "Liberty": 1.0}, "centroid": [0.40887229674469494, 0.46264560137615934]}