{"scores": {"Care": 0.9, "Fairness": 0.8, "Loyalty": 0.7, "Authority": 0.6, "Sanctity": 0.4, "Liberty": 0.9}, "centroid": [0.41298442439994654, 0.4532646757387576]}