{"scores": {"Care": 0.9, "Fairness": 0.9, "Loyalty": 0.7, "Authority": 0.6, "Sanctity": 0.4, "Liberty": 0.8}, "centroid": [0.40447220570728526, 0.48503270838490736]}