{
  "analysis_type": "single_rater_descriptive",
  "metadata": {
    "model_count": 1,
    "well_count": 2,
    "sample_size": 8,
    "analysis_timestamp": "2025-06-17T14:17:36.127895"
  },
  "descriptive_statistics": {
    "well_dignity": {
      "count": 8,
      "mean": 0.5229166666666667,
      "std": 0.25649924966628085,
      "min": 0.3,
      "max": 0.9,
      "range": 0.6000000000000001,
      "cv": 49.051649338571636
    },
    "well_tribalism": {
      "count": 8,
      "mean": 0.4395833333333333,
      "std": 0.3282877053139783,
      "min": 0.1,
      "max": 1.0,
      "range": 0.9,
      "cv": 74.68156329417516
    }
  },
  "internal_consistency": {
    "split_half_correlation": 0.10993271149945924,
    "split_half_p_value": 0.7955308436269845,
    "spearman_brown_coefficient": 0.198088965863428,
    "interpretation": "poor"
  },
  "message": "Single rater detected - full reliability analysis requires multiple raters"
}