{
  "analysis_type": "single_rater_descriptive",
  "metadata": {
    "model_count": 1,
    "well_count": 12,
    "sample_size": 12,
    "analysis_timestamp": "2025-06-24T19:55:20.765357"
  },
  "descriptive_statistics": {
    "well_care": {
      "count": 12,
      "mean": 0.8583333333333334,
      "std": 0.046871843328054594,
      "min": 0.8,
      "max": 0.9,
      "range": 0.09999999999999998,
      "cv": 5.460797280938399
    },
    "well_harm": {
      "count": 12,
      "mean": 0.14166666666666664,
      "std": 0.0468718433280546,
      "min": 0.09999999999999998,
      "max": 0.19999999999999996,
      "range": 0.09999999999999998,
      "cv": 33.08600705509737
    },
    "well_fairness": {
      "count": 12,
      "mean": 0.7958333333333333,
      "std": 0.13561029280682022,
      "min": 0.6,
      "max": 0.95,
      "range": 0.35,
      "cv": 17.04003679248003
    },
    "well_cheating": {
      "count": 12,
      "mean": 0.20416666666666672,
      "std": 0.13561029280682022,
      "min": 0.050000000000000044,
      "max": 0.4,
      "range": 0.35,
      "cv": 66.42136790538132
    },
    "well_loyalty": {
      "count": 12,
      "mean": 0.6833333333333332,
      "std": 0.09128709291752768,
      "min": 0.6,
      "max": 0.85,
      "range": 0.25,
      "cv": 13.359086768418688
    },
    "well_betrayal": {
      "count": 12,
      "mean": 0.31666666666666665,
      "std": 0.09128709291752768,
      "min": 0.15000000000000002,
      "max": 0.4,
      "range": 0.25,
      "cv": 28.827503026587692
    },
    "well_authority": {
      "count": 12,
      "mean": 0.4666666666666666,
      "std": 0.29102743804832165,
      "min": 0.0,
      "max": 0.75,
      "range": 0.75,
      "cv": 62.36302243892607
    },
    "well_subversion": {
      "count": 12,
      "mean": 0.5333333333333333,
      "std": 0.29102743804832165,
      "min": 0.25,
      "max": 1.0,
      "range": 0.75,
      "cv": 54.56764463406031
    },
    "well_sanctity": {
      "count": 12,
      "mean": 0.47500000000000003,
      "std": 0.2137330535547045,
      "min": 0.0,
      "max": 0.8,
      "range": 0.8,
      "cv": 44.99643232730621
    },
    "well_degradation": {
      "count": 12,
      "mean": 0.525,
      "std": 0.2137330535547045,
      "min": 0.19999999999999996,
      "max": 1.0,
      "range": 0.8,
      "cv": 40.71105781994371
    },
    "well_liberty": {
      "count": 12,
      "mean": 0.7250000000000001,
      "std": 0.21794494717703364,
      "min": 0.3,
      "max": 0.95,
      "range": 0.6499999999999999,
      "cv": 30.061372024418432
    },
    "well_oppression": {
      "count": 12,
      "mean": 0.27499999999999997,
      "std": 0.21794494717703367,
      "min": 0.050000000000000044,
      "max": 0.7,
      "range": 0.6499999999999999,
      "cv": 79.25270806437588
    }
  },
  "internal_consistency": {
    "split_half_correlation": -1.0,
    "split_half_p_value": 0.0,
    "spearman_brown_coefficient": -Infinity
  },
  "message": "Single rater detected - full reliability analysis requires multiple raters"
}