{
  "analysis_type": "single_rater_descriptive",
  "metadata": {
    "model_count": 1,
    "well_count": 12,
    "sample_size": 8,
    "analysis_timestamp": "2025-06-24T20:18:42.508908"
  },
  "descriptive_statistics": {
    "well_care": {
      "count": 8,
      "mean": 0.8500000000000001,
      "std": 0.053452248382484864,
      "min": 0.8,
      "max": 0.9,
      "range": 0.09999999999999998,
      "cv": 6.288499809704101
    },
    "well_harm": {
      "count": 8,
      "mean": 0.14999999999999997,
      "std": 0.053452248382484864,
      "min": 0.09999999999999998,
      "max": 0.19999999999999996,
      "range": 0.09999999999999998,
      "cv": 35.63483225498992
    },
    "well_fairness": {
      "count": 8,
      "mean": 0.7749999999999999,
      "std": 0.08017837257372733,
      "min": 0.7,
      "max": 0.85,
      "range": 0.15000000000000002,
      "cv": 10.345596461126108
    },
    "well_cheating": {
      "count": 8,
      "mean": 0.22500000000000003,
      "std": 0.08017837257372733,
      "min": 0.15000000000000002,
      "max": 0.30000000000000004,
      "range": 0.15000000000000002,
      "cv": 35.63483225498992
    },
    "well_loyalty": {
      "count": 8,
      "mean": 0.6499999999999999,
      "std": 0.053452248382484864,
      "min": 0.6,
      "max": 0.7,
      "range": 0.09999999999999998,
      "cv": 8.223422828074597
    },
    "well_betrayal": {
      "count": 8,
      "mean": 0.35000000000000003,
      "std": 0.053452248382484864,
      "min": 0.30000000000000004,
      "max": 0.4,
      "range": 0.09999999999999998,
      "cv": 15.272070966424245
    },
    "well_authority": {
      "count": 8,
      "mean": 0.5687500000000001,
      "std": 0.059386746958271036,
      "min": 0.5,
      "max": 0.65,
      "range": 0.15000000000000002,
      "cv": 10.441625838816885
    },
    "well_subversion": {
      "count": 8,
      "mean": 0.43125,
      "std": 0.059386746958271036,
      "min": 0.35,
      "max": 0.5,
      "range": 0.15000000000000002,
      "cv": 13.770839874381688
    },
    "well_sanctity": {
      "count": 8,
      "mean": 0.4375,
      "std": 0.09161253813129043,
      "min": 0.3,
      "max": 0.5,
      "range": 0.2,
      "cv": 20.940008715723526
    },
    "well_degradation": {
      "count": 8,
      "mean": 0.5625,
      "std": 0.09161253813129042,
      "min": 0.5,
      "max": 0.7,
      "range": 0.19999999999999996,
      "cv": 16.28667344556274
    },
    "well_liberty": {
      "count": 8,
      "mean": 0.68125,
      "std": 0.29512406592095175,
      "min": 0.3,
      "max": 0.95,
      "range": 0.6499999999999999,
      "cv": 43.32096380491034
    },
    "well_oppression": {
      "count": 8,
      "mean": 0.31875,
      "std": 0.29512406592095175,
      "min": 0.050000000000000044,
      "max": 0.7,
      "range": 0.6499999999999999,
      "cv": 92.58794224971037
    }
  },
  "internal_consistency": {
    "split_half_correlation": -1.0,
    "split_half_p_value": 0.0,
    "spearman_brown_coefficient": -Infinity
  },
  "message": "Single rater detected - full reliability analysis requires multiple raters"
}