{
  "analysis_type": "single_rater_descriptive",
  "metadata": {
    "model_count": 1,
    "well_count": 2,
    "sample_size": 72,
    "analysis_timestamp": "2025-06-17T13:53:24.433760"
  },
  "descriptive_statistics": {
    "well_dignity": {
      "count": 72,
      "mean": 0.5154629629629629,
      "std": 0.29446766672531766,
      "min": 0.3,
      "max": 1.0,
      "range": 0.7,
      "cv": 57.126833135143364
    },
    "well_tribalism": {
      "count": 72,
      "mean": 0.4477777777777777,
      "std": 0.2872708993964801,
      "min": 0.0,
      "max": 1.0,
      "range": 1.0,
      "cv": 64.15479142849432
    }
  },
  "internal_consistency": {
    "split_half_correlation": 0.6795625607651903,
    "split_half_p_value": 5.268873421596578e-11,
    "spearman_brown_coefficient": 0.8092137520088434,
    "interpretation": "good"
  },
  "message": "Single rater detected - full reliability analysis requires multiple raters"
}