{
  "analysis_type": "single_rater_descriptive",
  "metadata": {
    "model_count": 1,
    "well_count": 2,
    "sample_size": 8,
    "analysis_timestamp": "2025-06-17T14:09:54.508825"
  },
  "descriptive_statistics": {
    "well_dignity": {
      "count": 8,
      "mean": 0.38749999999999996,
      "std": 0.24748737341529164,
      "min": 0.3,
      "max": 1.0,
      "range": 0.7,
      "cv": 63.86770926846237
    },
    "well_tribalism": {
      "count": 8,
      "mean": 0.32499999999999996,
      "std": 0.07071067811865475,
      "min": 0.3,
      "max": 0.5,
      "range": 0.2,
      "cv": 21.75713172881685
    }
  },
  "internal_consistency": {
    "split_half_correlation": 0.9999999999999999,
    "split_half_p_value": 0.0,
    "spearman_brown_coefficient": 0.9999999999999999,
    "interpretation": "excellent"
  },
  "message": "Single rater detected - full reliability analysis requires multiple raters"
}