{
  "analysis_type": "single_rater_descriptive",
  "metadata": {
    "model_count": 1,
    "well_count": 2,
    "sample_size": 8,
    "analysis_timestamp": "2025-06-17T10:00:18.869046"
  },
  "descriptive_statistics": {
    "well_dignity": {
      "count": 8,
      "mean": 0.56375,
      "std": 0.3716733396795786,
      "min": 0.03,
      "max": 0.95,
      "range": 0.9199999999999999,
      "cv": 65.92875204959266
    },
    "well_tribalism": {
      "count": 8,
      "mean": 0.45875,
      "std": 0.3846496550666036,
      "min": 0.05,
      "max": 0.97,
      "range": 0.9199999999999999,
      "cv": 83.84733625430052
    }
  },
  "internal_consistency": {
    "split_half_correlation": -0.9963171020359819,
    "split_half_p_value": 1.2453995327217505e-07,
    "spearman_brown_coefficient": -541.050613820961,
    "interpretation": "poor"
  },
  "message": "Single rater detected - full reliability analysis requires multiple raters"
}