{
  "analysis_type": "single_rater_descriptive",
  "metadata": {
    "model_count": 1,
    "well_count": 12,
    "sample_size": 4,
    "analysis_timestamp": "2025-06-24T17:04:49.821087"
  },
  "descriptive_statistics": {
    "well_care": {
      "count": 4,
      "mean": 0.85,
      "std": 0.05773502691896256,
      "min": 0.8,
      "max": 0.9,
      "range": 0.09999999999999998,
      "cv": 6.792356108113243
    },
    "well_harm": {
      "count": 4,
      "mean": 0.14999999999999997,
      "std": 0.05773502691896256,
      "min": 0.09999999999999998,
      "max": 0.19999999999999996,
      "range": 0.09999999999999998,
      "cv": 38.49001794597505
    },
    "well_fairness": {
      "count": 4,
      "mean": 0.8,
      "std": 0.1224744871391589,
      "min": 0.7,
      "max": 0.95,
      "range": 0.25,
      "cv": 15.309310892394862
    },
    "well_cheating": {
      "count": 4,
      "mean": 0.20000000000000004,
      "std": 0.12247448713915891,
      "min": 0.050000000000000044,
      "max": 0.30000000000000004,
      "range": 0.25,
      "cv": 61.23724356957945
    },
    "well_loyalty": {
      "count": 4,
      "mean": 0.6499999999999999,
      "std": 0.05773502691896256,
      "min": 0.6,
      "max": 0.7,
      "range": 0.09999999999999998,
      "cv": 8.882311833686549
    },
    "well_betrayal": {
      "count": 4,
      "mean": 0.35000000000000003,
      "std": 0.05773502691896256,
      "min": 0.30000000000000004,
      "max": 0.4,
      "range": 0.09999999999999998,
      "cv": 16.495721976846443
    },
    "well_authority": {
      "count": 4,
      "mean": 0.4,
      "std": 0.27080128015453203,
      "min": 0.0,
      "max": 0.6,
      "range": 0.6,
      "cv": 67.700320038633
    },
    "well_subversion": {
      "count": 4,
      "mean": 0.6,
      "std": 0.27080128015453203,
      "min": 0.4,
      "max": 1.0,
      "range": 0.6,
      "cv": 45.13354669242201
    },
    "well_sanctity": {
      "count": 4,
      "mean": 0.3,
      "std": 0.21602468994692867,
      "min": 0.0,
      "max": 0.5,
      "range": 0.5,
      "cv": 72.00822998230956
    },
    "well_degradation": {
      "count": 4,
      "mean": 0.7,
      "std": 0.21602468994692867,
      "min": 0.5,
      "max": 1.0,
      "range": 0.5,
      "cv": 30.860669992418384
    },
    "well_liberty": {
      "count": 4,
      "mean": 0.625,
      "std": 0.32274861218395134,
      "min": 0.3,
      "max": 0.95,
      "range": 0.6499999999999999,
      "cv": 51.63977794943222
    },
    "well_oppression": {
      "count": 4,
      "mean": 0.375,
      "std": 0.32274861218395134,
      "min": 0.050000000000000044,
      "max": 0.7,
      "range": 0.6499999999999999,
      "cv": 86.06629658238703
    }
  },
  "internal_consistency": {
    "split_half_correlation": -1.0,
    "split_half_p_value": 0.0,
    "spearman_brown_coefficient": -Infinity
  },
  "message": "Single rater detected - full reliability analysis requires multiple raters"
}