{
  "hypothesis_testing": {
    "H1_discriminative_validity": {
      "hypothesis": "Discriminative validity: Dignity and Tribalism wells differentiate expected text categories",
      "dignity_wells": [],
      "tribalism_wells": [],
      "tests_performed": [],
      "status": "insufficient_data",
      "message": "Missing wells - Dignity: [], Tribalism: []"
    },
    "H2_ideological_agnosticism": {
      "hypothesis": "Ideological agnosticism: Framework should not systematically favor conservative vs progressive content",
      "tests_performed": [],
      "sample_sizes": {
        "conservative": 0,
        "progressive": 0,
        "unknown": 4
      },
      "status": "insufficient_data",
      "message": "Could not identify both conservative and progressive texts for comparison"
    },
    "H3_ground_truth_alignment": {
      "hypothesis": "Ground truth alignment: Extreme control texts should score >0.8 on expected wells",
      "target_threshold": 0.8,
      "tests_performed": [],
      "extreme_controls_found": 0,
      "status": "insufficient_data",
      "message": "No extreme control texts identified"
    }
  },
  "descriptive_statistics": {
    "well_care": {
      "count": 4,
      "mean": 0.85,
      "std": 0.05773502691896256,
      "min": 0.8,
      "max": 0.9,
      "median": 0.8500000000000001,
      "q25": 0.8,
      "q75": 0.9,
      "skewness": 0.0,
      "kurtosis": -5.999999999999997
    },
    "well_harm": {
      "count": 4,
      "mean": 0.14999999999999997,
      "std": 0.05773502691896256,
      "min": 0.09999999999999998,
      "max": 0.19999999999999996,
      "median": 0.14999999999999997,
      "q25": 0.09999999999999998,
      "q75": 0.19999999999999996,
      "skewness": 0.0,
      "kurtosis": -6.0
    },
    "well_fairness": {
      "count": 4,
      "mean": 0.8,
      "std": 0.1224744871391589,
      "min": 0.7,
      "max": 0.95,
      "median": 0.7749999999999999,
      "q25": 0.7,
      "q75": 0.875,
      "skewness": 0.5443310539518132,
      "kurtosis": -2.94444444444445
    },
    "well_cheating": {
      "count": 4,
      "mean": 0.20000000000000004,
      "std": 0.12247448713915891,
      "min": 0.050000000000000044,
      "max": 0.30000000000000004,
      "median": 0.22500000000000003,
      "q25": 0.12500000000000003,
      "q75": 0.30000000000000004,
      "skewness": -0.5443310539518171,
      "kurtosis": -2.9444444444444446
    },
    "well_loyalty": {
      "count": 4,
      "mean": 0.6499999999999999,
      "std": 0.05773502691896256,
      "min": 0.6,
      "max": 0.7,
      "median": 0.6499999999999999,
      "q25": 0.6,
      "q75": 0.7,
      "skewness": 0.0,
      "kurtosis": -5.999999999999997
    },
    "well_betrayal": {
      "count": 4,
      "mean": 0.35000000000000003,
      "std": 0.05773502691896256,
      "min": 0.30000000000000004,
      "max": 0.4,
      "median": 0.35000000000000003,
      "q25": 0.30000000000000004,
      "q75": 0.4,
      "skewness": 0.0,
      "kurtosis": -6.0
    },
    "well_authority": {
      "count": 4,
      "mean": 0.4,
      "std": 0.27080128015453203,
      "min": 0.0,
      "max": 0.6,
      "median": 0.5,
      "q25": 0.375,
      "q75": 0.525,
      "skewness": -1.8128019580592645,
      "kurtosis": 3.483471074380173
    },
    "well_subversion": {
      "count": 4,
      "mean": 0.6,
      "std": 0.27080128015453203,
      "min": 0.4,
      "max": 1.0,
      "median": 0.5,
      "q25": 0.475,
      "q75": 0.625,
      "skewness": 1.8128019580592645,
      "kurtosis": 3.483471074380173
    },
    "well_sanctity": {
      "count": 4,
      "mean": 0.3,
      "std": 0.21602468994692867,
      "min": 0.0,
      "max": 0.5,
      "median": 0.35,
      "q25": 0.22499999999999998,
      "q75": 0.42500000000000004,
      "skewness": -1.190340128278994,
      "kurtosis": 1.4999999999999964
    },
    "well_degradation": {
      "count": 4,
      "mean": 0.7,
      "std": 0.21602468994692867,
      "min": 0.5,
      "max": 1.0,
      "median": 0.6499999999999999,
      "q25": 0.575,
      "q75": 0.7749999999999999,
      "skewness": 1.1903401282789956,
      "kurtosis": 1.5000000000000018
    },
    "well_liberty": {
      "count": 4,
      "mean": 0.625,
      "std": 0.32274861218395134,
      "min": 0.3,
      "max": 0.95,
      "median": 0.625,
      "q25": 0.375,
      "q75": 0.875,
      "skewness": 0.0,
      "kurtosis": -5.070719999999998
    },
    "well_oppression": {
      "count": 4,
      "mean": 0.375,
      "std": 0.32274861218395134,
      "min": 0.050000000000000044,
      "max": 0.7,
      "median": 0.375,
      "q25": 0.12500000000000003,
      "q75": 0.625,
      "skewness": 0.0,
      "kurtosis": -5.07072
    }
  },
  "effect_sizes": {
    "well_care_vs_well_harm": {
      "cohens_d": 12.124355652982144,
      "effect_magnitude": "large"
    },
    "well_care_vs_well_fairness": {
      "cohens_d": 0.5222329678670928,
      "effect_magnitude": "medium"
    },
    "well_care_vs_well_cheating": {
      "cohens_d": 6.7890285822722145,
      "effect_magnitude": "large"
    },
    "well_care_vs_well_loyalty": {
      "cohens_d": 3.4641016151377566,
      "effect_magnitude": "large"
    },
    "well_care_vs_well_betrayal": {
      "cohens_d": 8.660254037844387,
      "effect_magnitude": "large"
    },
    "well_care_vs_well_authority": {
      "cohens_d": 2.2983926330486213,
      "effect_magnitude": "large"
    },
    "well_care_vs_well_subversion": {
      "cohens_d": 1.276884796138123,
      "effect_magnitude": "large"
    },
    "well_care_vs_well_sanctity": {
      "cohens_d": 3.4785054261852175,
      "effect_magnitude": "large"
    },
    "well_care_vs_well_degradation": {
      "cohens_d": 0.9486832980505139,
      "effect_magnitude": "large"
    },
    "well_care_vs_well_liberty": {
      "cohens_d": 0.9704949588309458,
      "effect_magnitude": "large"
    },
    "well_care_vs_well_oppression": {
      "cohens_d": 2.04882269086533,
      "effect_magnitude": "large"
    },
    "well_harm_vs_well_fairness": {
      "cohens_d": -6.789028582272218,
      "effect_magnitude": "large"
    },
    "well_harm_vs_well_cheating": {
      "cohens_d": -0.5222329678670943,
      "effect_magnitude": "medium"
    },
    "well_harm_vs_well_loyalty": {
      "cohens_d": -8.660254037844387,
      "effect_magnitude": "large"
    },
    "well_harm_vs_well_betrayal": {
      "cohens_d": -3.4641016151377566,
      "effect_magnitude": "large"
    },
    "well_harm_vs_well_authority": {
      "cohens_d": -1.2768847961381233,
      "effect_magnitude": "large"
    },
    "well_harm_vs_well_subversion": {
      "cohens_d": -2.2983926330486213,
      "effect_magnitude": "large"
    },
    "well_harm_vs_well_sanctity": {
      "cohens_d": -0.9486832980505139,
      "effect_magnitude": "large"
    },
    "well_harm_vs_well_degradation": {
      "cohens_d": -3.4785054261852175,
      "effect_magnitude": "large"
    },
    "well_harm_vs_well_liberty": {
      "cohens_d": -2.04882269086533,
      "effect_magnitude": "large"
    },
    "well_harm_vs_well_oppression": {
      "cohens_d": -0.970494958830946,
      "effect_magnitude": "large"
    },
    "well_fairness_vs_well_cheating": {
      "cohens_d": 4.898979485566357,
      "effect_magnitude": "large"
    },
    "well_fairness_vs_well_loyalty": {
      "cohens_d": 1.5666989036012822,
      "effect_magnitude": "large"
    },
    "well_fairness_vs_well_betrayal": {
      "cohens_d": 4.700096710803842,
      "effect_magnitude": "large"
    },
    "well_fairness_vs_well_authority": {
      "cohens_d": 1.9033238057235462,
      "effect_magnitude": "large"
    },
    "well_fairness_vs_well_subversion": {
      "cohens_d": 0.9516619028617733,
      "effect_magnitude": "large"
    },
    "well_fairness_vs_well_sanctity": {
      "cohens_d": 2.847473987257497,
      "effect_magnitude": "large"
    },
    "well_fairness_vs_well_degradation": {
      "cohens_d": 0.5694947974514999,
      "effect_magnitude": "medium"
    },