{
  "analysis_type": "single_rater_descriptive",
  "metadata": {
    "model_count": 1,
    "well_count": 12,
    "sample_size": 4,
    "analysis_timestamp": "2025-06-24T17:10:30.465951"
  },
  "descriptive_statistics": {
    "well_care": {
      "count": 4,
      "mean": 0.85,
      "std": 0.05773502691896256,
      "min": 0.8,
      "max": 0.9,
      "range": 0.09999999999999998,
      "cv": 6.792356108113243
    },
    "well_harm": {
      "count": 4,
      "mean": 0.14999999999999997,
      "std": 0.05773502691896256,
      "min": 0.09999999999999998,
      "max": 0.19999999999999996,
      "range": 0.09999999999999998,
      "cv": 38.49001794597505
    },
    "well_fairness": {
      "count": 4,
      "mean": 0.775,
      "std": 0.08660254037844388,
      "min": 0.7,
      "max": 0.85,
      "range": 0.15000000000000002,
      "cv": 11.17452133915405
    },
    "well_cheating": {
      "count": 4,
      "mean": 0.22500000000000003,
      "std": 0.08660254037844388,
      "min": 0.15000000000000002,
      "max": 0.30000000000000004,
      "range": 0.15000000000000002,
      "cv": 38.490017945975055
    },
    "well_loyalty": {
      "count": 4,
      "mean": 0.6499999999999999,
      "std": 0.05773502691896256,
      "min": 0.6,
      "max": 0.7,
      "range": 0.09999999999999998,
      "cv": 8.882311833686549
    },
    "well_betrayal": {
      "count": 4,
      "mean": 0.35000000000000003,
      "std": 0.05773502691896256,
      "min": 0.30000000000000004,
      "max": 0.4,
      "range": 0.09999999999999998,
      "cv": 16.495721976846443
    },
    "well_authority": {
      "count": 4,
      "mean": 0.55,
      "std": 0.05773502691896256,
      "min": 0.5,
      "max": 0.6,
      "range": 0.09999999999999998,
      "cv": 10.497277621629555
    },
    "well_subversion": {
      "count": 4,
      "mean": 0.44999999999999996,
      "std": 0.05773502691896256,
      "min": 0.4,
      "max": 0.5,
      "range": 0.09999999999999998,
      "cv": 12.830005981991683
    },
    "well_sanctity": {
      "count": 4,
      "mean": 0.4,
      "std": 0.11547005383792516,
      "min": 0.3,
      "max": 0.5,
      "range": 0.2,
      "cv": 28.867513459481287
    },
    "well_degradation": {
      "count": 4,
      "mean": 0.6,
      "std": 0.11547005383792512,
      "min": 0.5,
      "max": 0.7,
      "range": 0.19999999999999996,
      "cv": 19.24500897298752
    },
    "well_liberty": {
      "count": 4,
      "mean": 0.6625000000000001,
      "std": 0.30379543555930305,
      "min": 0.4,
      "max": 0.95,
      "range": 0.5499999999999999,
      "cv": 45.85591480140423
    },
    "well_oppression": {
      "count": 4,
      "mean": 0.33749999999999997,
      "std": 0.30379543555930305,
      "min": 0.050000000000000044,
      "max": 0.6,
      "range": 0.5499999999999999,
      "cv": 90.01346238794166
    }
  },
  "internal_consistency": {
    "error": "float division by zero"
  },
  "message": "Single rater detected - full reliability analysis requires multiple raters"
}